-- phpMyAdmin SQL Dump
-- version 4.8.0
-- https://www.phpmyadmin.net/
--
-- Host: localhost
-- Generation Time: Jun 20, 2018 at 10:17 AM
-- Server version: 10.1.31-MariaDB
-- PHP Version: 7.2.4

SET SQL_MODE = "NO_AUTO_VALUE_ON_ZERO";
SET AUTOCOMMIT = 0;
START TRANSACTION;
SET time_zone = "+00:00";


/*!40101 SET @OLD_CHARACTER_SET_CLIENT=@@CHARACTER_SET_CLIENT */;
/*!40101 SET @OLD_CHARACTER_SET_RESULTS=@@CHARACTER_SET_RESULTS */;
/*!40101 SET @OLD_COLLATION_CONNECTION=@@COLLATION_CONNECTION */;
/*!40101 SET NAMES utf8mb4 */;

--
-- Database: `1512502707_UAS_SI`
--

-- --------------------------------------------------------

--
-- Table structure for table `datapenduduk`
--

CREATE TABLE `datapenduduk` (
  `id` int(10) UNSIGNED NOT NULL,
  `provinsi` varchar(20) NOT NULL,
  `jumlah` varchar(20) NOT NULL
) ENGINE=InnoDB DEFAULT CHARSET=latin1;

--
-- Dumping data for table `datapenduduk`
--

INSERT INTO `datapenduduk` (`id`, `provinsi`, `jumlah`) VALUES
(1, 'Aceh', '3930905'),
(2, 'DIY', '3450000'),
(3, 'Jambi', '2413846'),
(4, 'Riau', '4957627'),
(5, 'Sumatera Barat', '4248931'),
(6, 'Sumatera Utara', '11649655');

-- --------------------------------------------------------

--
-- Table structure for table `dosen`
--

CREATE TABLE `dosen` (
  `nik` varchar(10) NOT NULL,
  `nm_dosen` varchar(50) DEFAULT NULL,
  `fakultas` varchar(50) DEFAULT NULL,
  `jk` varchar(1) DEFAULT NULL,
  `alamat` text
) ENGINE=InnoDB DEFAULT CHARSET=latin1;

--
-- Dumping data for table `dosen`
--

INSERT INTO `dosen` (`nik`, `nm_dosen`, `fakultas`, `jk`, `alamat`) VALUES
('ID001', 'Abdul Muis Sobri, M.Kom', 'FTI', 'L', 'Pondok kacang'),
('ID002', 'Acep Mardiyana, M.Kom', 'FTI', 'L', 'pondok maharta'),
('ID003', 'Achmad Aditya Ashadul Ushud, M,Kom', 'FTI', 'L', 'pondok betung'),
('ID004', 'Achmad Ardiansyah, M.Kom', 'FTI', 'L', 'pondok laka'),
('ID005', 'Ade Firmansyah, S.Kom, M.M', 'FTI', 'L', 'pondok aren'),
('ID006', 'Aga Al Husna, M.Kom', 'FTI', 'L', 'rawa buaya'),
('ID007', 'Agnes Aryasanti, M.Kom', 'FTI', 'P', 'pondok cabe'),
('ID008', 'Agung Saputra, S.Kom, M.M', 'FTI', 'L', 'pondok jagung'),
('ID009', 'Alexander Jp Sibarani, S.Kom, M.T.I', 'FTI', 'L', 'jakarta'),
('ID010', 'Bruri Trya Sartana, M.M, M.Kom', 'FTI', 'L', 'ciledug'),
('ID011', 'Budi Santosa, S.Kom, M.M', 'FTI', 'L', 'ciledug'),
('ID012', 'Coudry Bernadeth, M.Kom', 'FTI', 'L', 'jakarta'),
('ID013', 'Deni Mahdiana, M.M, M.Kom', 'FTI', 'L', 'pondok aren'),
('ID014', 'Dian Anubhakti, M.Kom', 'FTI', 'L', 'bogor'),
('ID015', 'Dian Novitasari, M.Kom', 'FTI', 'P', 'parigi'),
('ID016', 'Dr. Achmad Solichin, S.Kom, M.T.I', 'FTI', 'L', 'yogyakarta'),
('ID017', 'Hestya Patrie, S.Kom, MSSE', 'FTI', 'L', 'bandung'),
('ID018', 'Galih Nabihi, M.kom', 'FTI', 'L', 'jakarta'),
('ID019', 'Ir. Bullion Dragon Andah, M.Sc', 'FTI', 'L', 'jakarta'),
('ID020', 'Agus Sriyanto, SE., MM', 'FE', 'L', 'tangerang'),
('ID021', 'Amilia Yunizar Esfandari, SE, Ak, M. Sc', 'FE', 'P', 'bekasi'),
('ID022', 'Anissa Amalia Mulya, SE, M.Akt', 'FE', 'P', 'malang'),
('ID023', 'Arief Wibowo, M.Kom', 'FE', 'L', 'tebet'),
('ID024', 'Desy Anggraeni, SE, M.Akt', 'FE', 'P', 'teluk gong'),
('ID025', 'Moh. Mabrur Taufik, SE, MM', 'FE', 'L', 'tanjung priuk'),
('ID026', 'Pambuko Naryoto, SE., MM', 'FE', 'L', 'pondok betung'),
('ID027', 'Puspita Rani, SE., M.Ak', 'FE', 'P', 'mencong'),
('ID028', 'Ahmad Toni, M.I.Kom', 'FIKOM', 'L', 'pondok laka'),
('ID029', 'Arbi Cristional Lokananta, M.I.Kom', 'FIKOM', 'L', 'pondok indah'),
('ID030', 'Archita Desia Logiana, MM', 'FIKOM', 'P', 'pondok indah'),
('ID031', 'Arief Ruslan, S.Kom., M.Sn', 'FIKOM', 'L', 'sukabumi'),
('ID032', 'Armaini Lubis, S.Sos, MM, M.I.Kom', 'FIKOM', 'L', 'rawa belong'),
('ID033', 'Artyasto Jatisidi, M.I.Kom', 'FIKOM', 'L', 'malang'),
('ID034', 'Bambang Pujiyono, MM., M.Si', 'FIKOM', 'L', 'pondok laka'),
('ID035', 'Denada Faraswacyen Lumban Gaol, M.Si', 'FIKOM', 'P', 'bintaro'),
('ID036', 'Dini Maryani Sunarya, M.Si', 'FIKOM', 'P', 'bintaro'),
('ID037', 'Doddy Wihardi, S.IP., M.I.Kom', 'FIKOM', 'L', 'kebon manggis'),
('ID038', 'Riyodina G. Pratikto, M.Si', 'FIKOM', 'P', 'depok'),
('ID039', 'Anggraeni Dyah Sulistiowati, ST.,MT', 'FT', 'P', 'bintaro'),
('ID040', 'Dody Kurniawan, ST.,MT', 'FT', 'L', 'kebon jeruk'),
('ID041', 'Dr. Hakim, S.Pd.,M.Pd', 'FT', 'L', 'mencong'),
('ID042', 'Harfa Iskandaria, ST.,MT', 'FT', 'L', 'pondok kacang'),
('ID043', 'Ir. Karya Subagya, MT.,IAI', 'FT', 'L', 'komplek hankam'),
('ID044', 'Putri Suryandari, ST.,M.Ars', 'FT', 'P', 'kebon sirih'),
('ID045', 'Sri Kurniasih, ST.,M.Ars', 'FT', 'P', 'pondok aren'),
('ID046', 'Tri Endangsih, ST.,M.Ars', 'FT', 'P', 'pondok labu'),
('ID047', 'Akhmad Musafa, ST.,MT', 'FT', 'L', 'pondok kacang'),
('ID048', 'Fahlesa Munabari, Ph.D', 'FISIP', 'L', 'bintaro'),
('ID049', 'Untung Sumarwan, M.Si', 'FISIP', 'L', 'bandung'),
('ID050', 'Elistania, M.Si', 'FISIP', 'P', 'pancoran'),
('ID051', 'Lucky Nurhadiyanto, M.Si', 'FISIP', 'L', 'depok'),
('ID052', 'Tulus Yuniasih, M.Soc,Sc.', 'FISIP', 'P', 'depok'),
('ID053', 'Chazizah Gusnita, M.Krim', 'FISIP', 'P', 'pondok ranji'),
('ID054', 'Aris Sumartono, S.Ikom', 'FISIP', 'L', 'kebayoran lama'),
('ID055', 'Natalia Nadeak, S.IP', 'FISIP', 'P', 'medan');

-- --------------------------------------------------------

--
-- Table structure for table `nilai`
--

CREATE TABLE `nilai` (
  `id_pertanyaan` int(10) UNSIGNED NOT NULL,
  `nik` varchar(10) NOT NULL,
  `nilai` int(11) NOT NULL,
  `feedback` text NOT NULL,
  `status` varchar(20) NOT NULL,
  `mahasiswa` varchar(50) DEFAULT NULL
) ENGINE=InnoDB DEFAULT CHARSET=latin1;

--
-- Dumping data for table `nilai`
--

INSERT INTO `nilai` (`id_pertanyaan`, `nik`, `nilai`, `feedback`, `status`, `mahasiswa`) VALUES
(2, 'ID001', 40, 'lumayan', 'Buruk', 'zackyburhani'),
(5, 'ID001', 40, 'lumayan', 'Buruk', 'zackyburhani'),
(6, 'ID001', 60, 'lumayan', 'Kurang Baik', 'zackyburhani'),
(7, 'ID001', 60, 'lumayan', 'Kurang Baik', 'zackyburhani'),
(8, 'ID001', 80, 'lumayan', 'Baik', 'zackyburhani'),
(9, 'ID001', 80, 'lumayan', 'Baik', 'zackyburhani'),
(10, 'ID001', 100, 'lumayan', 'Sangat Baik', 'zackyburhani'),
(11, 'ID001', 100, 'lumayan', 'Sangat Baik', 'zackyburhani'),
(12, 'ID001', 80, 'lumayan', 'Baik', 'zackyburhani'),
(13, 'ID001', 80, 'lumayan', 'Baik', 'zackyburhani'),
(2, 'ID002', 80, 'sering telat', 'Baik', 'zackyburhani'),
(5, 'ID002', 80, 'sering telat', 'Baik', 'zackyburhani'),
(6, 'ID002', 100, 'sering telat', 'Sangat Baik', 'zackyburhani'),
(7, 'ID002', 80, 'sering telat', 'Baik', 'zackyburhani'),
(8, 'ID002', 60, 'sering telat', 'Kurang Baik', 'zackyburhani'),
(9, 'ID002', 60, 'sering telat', 'Kurang Baik', 'zackyburhani'),
(10, 'ID002', 80, 'sering telat', 'Baik', 'zackyburhani'),
(11, 'ID002', 100, 'sering telat', 'Sangat Baik', 'zackyburhani'),
(12, 'ID002', 60, 'sering telat', 'Kurang Baik', 'zackyburhani'),
(13, 'ID002', 60, 'sering telat', 'Kurang Baik', 'zackyburhani'),
(2, 'ID003', 60, 'ga bagus', 'Kurang Baik', 'zackyburhani'),
(5, 'ID003', 60, 'ga bagus', 'Kurang Baik', 'zackyburhani'),
(6, 'ID003', 80, 'ga bagus', 'Baik', 'zackyburhani'),
(7, 'ID003', 60, 'ga bagus', 'Kurang Baik', 'zackyburhani'),
(8, 'ID003', 40, 'ga bagus', 'Buruk', 'zackyburhani'),
(9, 'ID003', 60, 'ga bagus', 'Kurang Baik', 'zackyburhani'),
(10, 'ID003', 60, 'ga bagus', 'Kurang Baik', 'zackyburhani'),
(11, 'ID003', 60, 'ga bagus', 'Kurang Baik', 'zackyburhani'),
(12, 'ID003', 40, 'ga bagus', 'Buruk', 'zackyburhani'),
(13, 'ID003', 60, 'ga bagus', 'Kurang Baik', 'zackyburhani'),
(2, 'ID004', 100, 'the best lah', 'Sangat Baik', 'zackyburhani'),
(5, 'ID004', 100, 'the best lah', 'Sangat Baik', 'zackyburhani'),
(6, 'ID004', 100, 'the best lah', 'Sangat Baik', 'zackyburhani'),
(7, 'ID004', 100, 'the best lah', 'Sangat Baik', 'zackyburhani'),
(8, 'ID004', 100, 'the best lah', 'Sangat Baik', 'zackyburhani'),
(9, 'ID004', 100, 'the best lah', 'Sangat Baik', 'zackyburhani'),
(10, 'ID004', 100, 'the best lah', 'Sangat Baik', 'zackyburhani'),
(11, 'ID004', 100, 'the best lah', 'Sangat Baik', 'zackyburhani'),
(12, 'ID004', 80, 'the best lah', 'Baik', 'zackyburhani'),
(13, 'ID004', 100, 'the best lah', 'Sangat Baik', 'zackyburhani'),
(2, 'ID005', 80, 'baik aja', 'Baik', 'zackyburhani'),
(5, 'ID005', 80, 'baik aja', 'Baik', 'zackyburhani'),
(6, 'ID005', 80, 'baik aja', 'Baik', 'zackyburhani'),
(7, 'ID005', 80, 'baik aja', 'Baik', 'zackyburhani'),
(8, 'ID005', 80, 'baik aja', 'Baik', 'zackyburhani'),
(9, 'ID005', 80, 'baik aja', 'Baik', 'zackyburhani'),
(10, 'ID005', 80, 'baik aja', 'Baik', 'zackyburhani'),
(11, 'ID005', 80, 'baik aja', 'Baik', 'zackyburhani'),
(12, 'ID005', 80, 'baik aja', 'Baik', 'zackyburhani'),
(13, 'ID005', 80, 'baik aja', 'Baik', 'zackyburhani'),
(2, 'ID006', 40, 'tugas nya kebanyakan', 'Buruk', 'zackyburhani'),
(5, 'ID006', 40, 'tugas nya kebanyakan', 'Buruk', 'zackyburhani'),
(6, 'ID006', 40, 'tugas nya kebanyakan', 'Buruk', 'zackyburhani'),
(7, 'ID006', 60, 'tugas nya kebanyakan', 'Kurang Baik', 'zackyburhani'),
(8, 'ID006', 40, 'tugas nya kebanyakan', 'Buruk', 'zackyburhani'),
(9, 'ID006', 60, 'tugas nya kebanyakan', 'Kurang Baik', 'zackyburhani'),
(10, 'ID006', 40, 'tugas nya kebanyakan', 'Buruk', 'zackyburhani'),
(11, 'ID006', 60, 'tugas nya kebanyakan', 'Kurang Baik', 'zackyburhani'),
(12, 'ID006', 40, 'tugas nya kebanyakan', 'Buruk', 'zackyburhani'),
(13, 'ID006', 40, 'tugas nya kebanyakan', 'Buruk', 'zackyburhani'),
(2, 'ID007', 60, 'biasa aja', 'Kurang Baik', 'zackyburhani'),
(5, 'ID007', 60, 'biasa aja', 'Kurang Baik', 'zackyburhani'),
(6, 'ID007', 80, 'biasa aja', 'Baik', 'zackyburhani'),
(7, 'ID007', 60, 'biasa aja', 'Kurang Baik', 'zackyburhani'),
(8, 'ID007', 80, 'biasa aja', 'Baik', 'zackyburhani'),
(9, 'ID007', 60, 'biasa aja', 'Kurang Baik', 'zackyburhani'),
(10, 'ID007', 80, 'biasa aja', 'Baik', 'zackyburhani'),
(11, 'ID007', 80, 'biasa aja', 'Baik', 'zackyburhani'),
(12, 'ID007', 60, 'biasa aja', 'Kurang Baik', 'zackyburhani'),
(13, 'ID007', 80, 'biasa aja', 'Baik', 'zackyburhani'),
(2, 'ID008', 100, 'top', 'Sangat Baik', 'zackyburhani'),
(5, 'ID008', 100, 'top', 'Sangat Baik', 'zackyburhani'),
(6, 'ID008', 80, 'top', 'Baik', 'zackyburhani'),
(7, 'ID008', 60, 'top', 'Kurang Baik', 'zackyburhani'),
(8, 'ID008', 60, 'top', 'Kurang Baik', 'zackyburhani'),
(9, 'ID008', 80, 'top', 'Baik', 'zackyburhani'),
(10, 'ID008', 100, 'top', 'Sangat Baik', 'zackyburhani'),
(11, 'ID008', 100, 'top', 'Sangat Baik', 'zackyburhani'),
(12, 'ID008', 80, 'top', 'Baik', 'zackyburhani'),
(13, 'ID008', 100, 'top', 'Sangat Baik', 'zackyburhani'),
(2, 'ID009', 100, 'mantap', 'Sangat Baik', 'zackyburhani'),
(5, 'ID009', 80, 'mantap', 'Baik', 'zackyburhani'),
(6, 'ID009', 100, 'mantap', 'Sangat Baik', 'zackyburhani'),
(7, 'ID009', 100, 'mantap', 'Sangat Baik', 'zackyburhani'),
(8, 'ID009', 100, 'mantap', 'Sangat Baik', 'zackyburhani'),
(9, 'ID009', 80, 'mantap', 'Baik', 'zackyburhani'),
(10, 'ID009', 100, 'mantap', 'Sangat Baik', 'zackyburhani'),
(11, 'ID009', 80, 'mantap', 'Baik', 'zackyburhani'),
(12, 'ID009', 100, 'mantap', 'Sangat Baik', 'zackyburhani'),
(13, 'ID009', 100, 'mantap', 'Sangat Baik', 'zackyburhani'),
(2, 'ID010', 100, 'gokil', 'Sangat Baik', 'zackyburhani'),
(5, 'ID010', 80, 'gokil', 'Baik', 'zackyburhani'),
(6, 'ID010', 100, 'gokil', 'Sangat Baik', 'zackyburhani'),
(7, 'ID010', 80, 'gokil', 'Baik', 'zackyburhani'),
(8, 'ID010', 100, 'gokil', 'Sangat Baik', 'zackyburhani'),
(9, 'ID010', 100, 'gokil', 'Sangat Baik', 'zackyburhani'),
(10, 'ID010', 100, 'gokil', 'Sangat Baik', 'zackyburhani'),
(11, 'ID010', 80, 'gokil', 'Baik', 'zackyburhani'),
(12, 'ID010', 100, 'gokil', 'Sangat Baik', 'zackyburhani'),
(13, 'ID010', 80, 'gokil', 'Baik', 'zackyburhani'),
(2, 'ID011', 80, 'mantap', 'Baik', 'zackyburhani'),
(5, 'ID011', 100, 'mantap', 'Sangat Baik', 'zackyburhani'),
(6, 'ID011', 100, 'mantap', 'Sangat Baik', 'zackyburhani'),
(7, 'ID011', 100, 'mantap', 'Sangat Baik', 'zackyburhani'),
(8, 'ID011', 80, 'mantap', 'Baik', 'zackyburhani'),
(9, 'ID011', 100, 'mantap', 'Sangat Baik', 'zackyburhani'),
(10, 'ID011', 100, 'mantap', 'Sangat Baik', 'zackyburhani'),
(11, 'ID011', 80, 'mantap', 'Baik', 'zackyburhani'),
(12, 'ID011', 80, 'mantap', 'Baik', 'zackyburhani'),
(13, 'ID011', 100, 'mantap', 'Sangat Baik', 'zackyburhani'),
(2, 'ID020', 60, 'lumayan', 'Kurang Baik', 'zackyburhani'),
(5, 'ID020', 80, 'lumayan', 'Baik', 'zackyburhani'),
(6, 'ID020', 80, 'lumayan', 'Baik', 'zackyburhani'),
(7, 'ID020', 80, 'lumayan', 'Baik', 'zackyburhani'),
(8, 'ID020', 100, 'lumayan', 'Sangat Baik', 'zackyburhani'),
(9, 'ID020', 60, 'lumayan', 'Kurang Baik', 'zackyburhani'),
(10, 'ID020', 80, 'lumayan', 'Baik', 'zackyburhani'),
(11, 'ID020', 60, 'lumayan', 'Kurang Baik', 'zackyburhani'),
(12, 'ID020', 60, 'lumayan', 'Kurang Baik', 'zackyburhani'),
(13, 'ID020', 40, 'lumayan', 'Buruk', 'zackyburhani'),
(2, 'ID021', 80, 'lumayan', 'Baik', 'zackyburhani'),
(5, 'ID021', 100, 'lumayan', 'Sangat Baik', 'zackyburhani'),
(6, 'ID021', 100, 'lumayan', 'Sangat Baik', 'zackyburhani'),
(7, 'ID021', 80, 'lumayan', 'Baik', 'zackyburhani'),
(8, 'ID021', 100, 'lumayan', 'Sangat Baik', 'zackyburhani'),
(9, 'ID021', 80, 'lumayan', 'Baik', 'zackyburhani'),
(10, 'ID021', 60, 'lumayan', 'Kurang Baik', 'zackyburhani'),
(11, 'ID021', 80, 'lumayan', 'Baik', 'zackyburhani'),
(12, 'ID021', 60, 'lumayan', 'Kurang Baik', 'zackyburhani'),
(13, 'ID021', 60, 'lumayan', 'Kurang Baik', 'zackyburhani'),
(2, 'ID022', 100, 'top banget', 'Sangat Baik', 'zackyburhani'),
(5, 'ID022', 100, 'top banget', 'Sangat Baik', 'zackyburhani'),
(6, 'ID022', 100, 'top banget', 'Sangat Baik', 'zackyburhani'),
(7, 'ID022', 100, 'top banget', 'Sangat Baik', 'zackyburhani'),
(8, 'ID022', 100, 'top banget', 'Sangat Baik', 'zackyburhani'),
(9, 'ID022', 100, 'top banget', 'Sangat Baik', 'zackyburhani'),
(10, 'ID022', 100, 'top banget', 'Sangat Baik', 'zackyburhani'),
(11, 'ID022', 100, 'top banget', 'Sangat Baik', 'zackyburhani'),
(12, 'ID022', 100, 'top banget', 'Sangat Baik', 'zackyburhani'),
(13, 'ID022', 100, 'top banget', 'Sangat Baik', 'zackyburhani'),
(2, 'ID023', 40, 'dosennya mengecewakan', 'Buruk', 'zackyburhani'),
(5, 'ID023', 60, 'dosennya mengecewakan', 'Kurang Baik', 'zackyburhani'),
(6, 'ID023', 60, 'dosennya mengecewakan', 'Kurang Baik', 'zackyburhani'),
(7, 'ID023', 40, 'dosennya mengecewakan', 'Buruk', 'zackyburhani'),
(8, 'ID023', 40, 'dosennya mengecewakan', 'Buruk', 'zackyburhani'),
(9, 'ID023', 60, 'dosennya mengecewakan', 'Kurang Baik', 'zackyburhani'),
(10, 'ID023', 40, 'dosennya mengecewakan', 'Buruk', 'zackyburhani'),
(11, 'ID023', 60, 'dosennya mengecewakan', 'Kurang Baik', 'zackyburhani'),
(12, 'ID023', 40, 'dosennya mengecewakan', 'Buruk', 'zackyburhani'),
(13, 'ID023', 40, 'dosennya mengecewakan', 'Buruk', 'zackyburhani'),
(2, 'ID024', 80, 'lumayan lah', 'Baik', 'zackyburhani'),
(5, 'ID024', 80, 'lumayan lah', 'Baik', 'zackyburhani'),
(6, 'ID024', 80, 'lumayan lah', 'Baik', 'zackyburhani'),
(7, 'ID024', 60, 'lumayan lah', 'Kurang Baik', 'zackyburhani'),
(8, 'ID024', 80, 'lumayan lah', 'Baik', 'zackyburhani'),
(9, 'ID024', 80, 'lumayan lah', 'Baik', 'zackyburhani'),
(10, 'ID024', 80, 'lumayan lah', 'Baik', 'zackyburhani'),
(11, 'ID024', 80, 'lumayan lah', 'Baik', 'zackyburhani'),
(12, 'ID024', 100, 'lumayan lah', 'Sangat Baik', 'zackyburhani'),
(13, 'ID024', 80, 'lumayan lah', 'Baik', 'zackyburhani'),
(2, 'ID025', 80, 'baik', 'Baik', 'zackyburhani'),
(5, 'ID025', 80, 'baik', 'Baik', 'zackyburhani'),
(6, 'ID025', 100, 'baik', 'Sangat Baik', 'zackyburhani'),
(7, 'ID025', 100, 'baik', 'Sangat Baik', 'zackyburhani'),
(8, 'ID025', 80, 'baik', 'Baik', 'zackyburhani'),
(9, 'ID025', 80, 'baik', 'Baik', 'zackyburhani'),
(10, 'ID025', 80, 'baik', 'Baik', 'zackyburhani'),
(11, 'ID025', 80, 'baik', 'Baik', 'zackyburhani'),
(12, 'ID025', 80, 'baik', 'Baik', 'zackyburhani'),
(13, 'ID025', 80, 'baik', 'Baik', 'zackyburhani'),
(2, 'ID026', 40, 'mengecewakan', 'Buruk', 'zackyburhani'),
(5, 'ID026', 60, 'mengecewakan', 'Kurang Baik', 'zackyburhani'),
(6, 'ID026', 40, 'mengecewakan', 'Buruk', 'zackyburhani'),
(7, 'ID026', 60, 'mengecewakan', 'Kurang Baik', 'zackyburhani'),
(8, 'ID026', 40, 'mengecewakan', 'Buruk', 'zackyburhani'),
(9, 'ID026', 60, 'mengecewakan', 'Kurang Baik', 'zackyburhani'),
(10, 'ID026', 40, 'mengecewakan', 'Buruk', 'zackyburhani'),
(11, 'ID026', 40, 'mengecewakan', 'Buruk', 'zackyburhani'),
(12, 'ID026', 40, 'mengecewakan', 'Buruk', 'zackyburhani'),
(13, 'ID026', 40, 'mengecewakan', 'Buruk', 'zackyburhani'),
(2, 'ID028', 100, 'baik', 'Sangat Baik', 'zackyburhani'),
(5, 'ID028', 80, 'baik', 'Baik', 'zackyburhani'),
(6, 'ID028', 80, 'baik', 'Baik', 'zackyburhani'),
(7, 'ID028', 100, 'baik', 'Sangat Baik', 'zackyburhani'),
(8, 'ID028', 100, 'baik', 'Sangat Baik', 'zackyburhani'),
(9, 'ID028', 80, 'baik', 'Baik', 'zackyburhani'),
(10, 'ID028', 100, 'baik', 'Sangat Baik', 'zackyburhani'),
(11, 'ID028', 80, 'baik', 'Baik', 'zackyburhani'),
(12, 'ID028', 100, 'baik', 'Sangat Baik', 'zackyburhani'),
(13, 'ID028', 80, 'baik', 'Baik', 'zackyburhani'),
(2, 'ID029', 100, 'mantap', 'Sangat Baik', 'zackyburhani'),
(5, 'ID029', 100, 'mantap', 'Sangat Baik', 'zackyburhani'),
(6, 'ID029', 80, 'mantap', 'Baik', 'zackyburhani'),
(7, 'ID029', 100, 'mantap', 'Sangat Baik', 'zackyburhani'),
(8, 'ID029', 80, 'mantap', 'Baik', 'zackyburhani'),
(9, 'ID029', 100, 'mantap', 'Sangat Baik', 'zackyburhani'),
(10, 'ID029', 80, 'mantap', 'Baik', 'zackyburhani'),
(11, 'ID029', 100, 'mantap', 'Sangat Baik', 'zackyburhani'),
(12, 'ID029', 80, 'mantap', 'Baik', 'zackyburhani'),
(13, 'ID029', 100, 'mantap', 'Sangat Baik', 'zackyburhani'),
(2, 'ID030', 100, 'mantap', 'Sangat Baik', 'zackyburhani'),
(5, 'ID030', 80, 'mantap', 'Baik', 'zackyburhani'),
(6, 'ID030', 100, 'mantap', 'Sangat Baik', 'zackyburhani'),
(7, 'ID030', 80, 'mantap', 'Baik', 'zackyburhani'),
(8, 'ID030', 100, 'mantap', 'Sangat Baik', 'zackyburhani'),
(9, 'ID030', 80, 'mantap', 'Baik', 'zackyburhani'),
(10, 'ID030', 100, 'mantap', 'Sangat Baik', 'zackyburhani'),
(11, 'ID030', 100, 'mantap', 'Sangat Baik', 'zackyburhani'),
(12, 'ID030', 80, 'mantap', 'Baik', 'zackyburhani'),
(13, 'ID030', 100, 'mantap', 'Sangat Baik', 'zackyburhani'),
(2, 'ID031', 80, ':)', 'Baik', 'zackyburhani'),
(5, 'ID031', 80, ':)', 'Baik', 'zackyburhani'),
(6, 'ID031', 60, ':)', 'Kurang Baik', 'zackyburhani'),
(7, 'ID031', 60, ':)', 'Kurang Baik', 'zackyburhani'),
(8, 'ID031', 40, ':)', 'Buruk', 'zackyburhani'),
(9, 'ID031', 40, ':)', 'Buruk', 'zackyburhani'),
(10, 'ID031', 60, ':)', 'Kurang Baik', 'zackyburhani'),
(11, 'ID031', 80, ':)', 'Baik', 'zackyburhani'),
(12, 'ID031', 80, ':)', 'Baik', 'zackyburhani'),
(13, 'ID031', 100, ':)', 'Sangat Baik', 'zackyburhani'),
(2, 'ID032', 100, 'lumayan', 'Sangat Baik', 'zackyburhani'),
(5, 'ID032', 80, 'lumayan', 'Baik', 'zackyburhani'),
(6, 'ID032', 100, 'lumayan', 'Sangat Baik', 'zackyburhani'),
(7, 'ID032', 100, 'lumayan', 'Sangat Baik', 'zackyburhani'),
(8, 'ID032', 80, 'lumayan', 'Baik', 'zackyburhani'),
(9, 'ID032', 100, 'lumayan', 'Sangat Baik', 'zackyburhani'),
(10, 'ID032', 80, 'lumayan', 'Baik', 'zackyburhani'),
(11, 'ID032', 100, 'lumayan', 'Sangat Baik', 'zackyburhani'),
(12, 'ID032', 80, 'lumayan', 'Baik', 'zackyburhani'),
(13, 'ID032', 80, 'lumayan', 'Baik', 'zackyburhani'),
(2, 'ID033', 40, 'mengecewakan', 'Buruk', 'zackyburhani'),
(5, 'ID033', 40, 'mengecewakan', 'Buruk', 'zackyburhani'),
(6, 'ID033', 60, 'mengecewakan', 'Kurang Baik', 'zackyburhani'),
(7, 'ID033', 40, 'mengecewakan', 'Buruk', 'zackyburhani'),
(8, 'ID033', 40, 'mengecewakan', 'Buruk', 'zackyburhani'),
(9, 'ID033', 40, 'mengecewakan', 'Buruk', 'zackyburhani'),
(10, 'ID033', 60, 'mengecewakan', 'Kurang Baik', 'zackyburhani'),
(11, 'ID033', 40, 'mengecewakan', 'Buruk', 'zackyburhani'),
(12, 'ID033', 60, 'mengecewakan', 'Kurang Baik', 'zackyburhani'),
(13, 'ID033', 40, 'mengecewakan', 'Buruk', 'zackyburhani'),
(2, 'ID034', 80, 'mantap juga', 'Baik', 'zackyburhani'),
(5, 'ID034', 100, 'mantap juga', 'Sangat Baik', 'zackyburhani'),
(6, 'ID034', 80, 'mantap juga', 'Baik', 'zackyburhani'),
(7, 'ID034', 100, 'mantap juga', 'Sangat Baik', 'zackyburhani'),
(8, 'ID034', 80, 'mantap juga', 'Baik', 'zackyburhani'),
(9, 'ID034', 80, 'mantap juga', 'Baik', 'zackyburhani'),
(10, 'ID034', 100, 'mantap juga', 'Sangat Baik', 'zackyburhani'),
(11, 'ID034', 80, 'mantap juga', 'Baik', 'zackyburhani'),
(12, 'ID034', 100, 'mantap juga', 'Sangat Baik', 'zackyburhani'),
(13, 'ID034', 80, 'mantap juga', 'Baik', 'zackyburhani'),
(2, 'ID035', 80, 'lumayan kinerjanya', 'Baik', 'zackyburhani'),
(5, 'ID035', 100, 'lumayan kinerjanya', 'Sangat Baik', 'zackyburhani'),
(6, 'ID035', 80, 'lumayan kinerjanya', 'Baik', 'zackyburhani'),
(7, 'ID035', 100, 'lumayan kinerjanya', 'Sangat Baik', 'zackyburhani'),
(8, 'ID035', 80, 'lumayan kinerjanya', 'Baik', 'zackyburhani'),
(9, 'ID035', 80, 'lumayan kinerjanya', 'Baik', 'zackyburhani'),
(10, 'ID035', 100, 'lumayan kinerjanya', 'Sangat Baik', 'zackyburhani'),
(11, 'ID035', 80, 'lumayan kinerjanya', 'Baik', 'zackyburhani'),
(12, 'ID035', 80, 'lumayan kinerjanya', 'Baik', 'zackyburhani'),
(13, 'ID035', 100, 'lumayan kinerjanya', 'Sangat Baik', 'zackyburhani'),
(2, 'ID048', 100, 'penguasaan materinya sangat baik', 'Sangat Baik', 'zackyburhani'),
(5, 'ID048', 100, 'penguasaan materinya sangat baik', 'Sangat Baik', 'zackyburhani'),
(6, 'ID048', 100, 'penguasaan materinya sangat baik', 'Sangat Baik', 'zackyburhani'),
(7, 'ID048', 100, 'penguasaan materinya sangat baik', 'Sangat Baik', 'zackyburhani'),
(8, 'ID048', 100, 'penguasaan materinya sangat baik', 'Sangat Baik', 'zackyburhani'),
(9, 'ID048', 100, 'penguasaan materinya sangat baik', 'Sangat Baik', 'zackyburhani'),
(10, 'ID048', 100, 'penguasaan materinya sangat baik', 'Sangat Baik', 'zackyburhani'),
(11, 'ID048', 100, 'penguasaan materinya sangat baik', 'Sangat Baik', 'zackyburhani'),
(12, 'ID048', 100, 'penguasaan materinya sangat baik', 'Sangat Baik', 'zackyburhani'),
(13, 'ID048', 100, 'penguasaan materinya sangat baik', 'Sangat Baik', 'zackyburhani'),
(2, 'ID049', 40, 'performance nya kurang', 'Buruk', 'zackyburhani'),
(5, 'ID049', 40, 'performance nya kurang', 'Buruk', 'zackyburhani'),
(6, 'ID049', 60, 'performance nya kurang', 'Kurang Baik', 'zackyburhani'),
(7, 'ID049', 40, 'performance nya kurang', 'Buruk', 'zackyburhani'),
(8, 'ID049', 60, 'performance nya kurang', 'Kurang Baik', 'zackyburhani'),
(9, 'ID049', 40, 'performance nya kurang', 'Buruk', 'zackyburhani'),
(10, 'ID049', 60, 'performance nya kurang', 'Kurang Baik', 'zackyburhani'),
(11, 'ID049', 40, 'performance nya kurang', 'Buruk', 'zackyburhani'),
(12, 'ID049', 40, 'performance nya kurang', 'Buruk', 'zackyburhani'),
(13, 'ID049', 60, 'performance nya kurang', 'Kurang Baik', 'zackyburhani'),
(2, 'ID050', 100, 'B aja', 'Sangat Baik', 'zackyburhani'),
(5, 'ID050', 60, 'B aja', 'Kurang Baik', 'zackyburhani'),
(6, 'ID050', 60, 'B aja', 'Kurang Baik', 'zackyburhani'),
(7, 'ID050', 80, 'B aja', 'Baik', 'zackyburhani'),
(8, 'ID050', 80, 'B aja', 'Baik', 'zackyburhani'),
(9, 'ID050', 60, 'B aja', 'Kurang Baik', 'zackyburhani'),
(10, 'ID050', 80, 'B aja', 'Baik', 'zackyburhani'),
(11, 'ID050', 60, 'B aja', 'Kurang Baik', 'zackyburhani'),
(12, 'ID050', 80, 'B aja', 'Baik', 'zackyburhani'),
(13, 'ID050', 80, 'B aja', 'Baik', 'zackyburhani'),
(2, 'ID051', 100, 'dosen fisip terbaik', 'Sangat Baik', 'zackyburhani'),
(5, 'ID051', 100, 'dosen fisip terbaik', 'Sangat Baik', 'zackyburhani'),
(6, 'ID051', 100, 'dosen fisip terbaik', 'Sangat Baik', 'zackyburhani'),
(7, 'ID051', 100, 'dosen fisip terbaik', 'Sangat Baik', 'zackyburhani'),
(8, 'ID051', 100, 'dosen fisip terbaik', 'Sangat Baik', 'zackyburhani'),
(9, 'ID051', 100, 'dosen fisip terbaik', 'Sangat Baik', 'zackyburhani'),
(10, 'ID051', 100, 'dosen fisip terbaik', 'Sangat Baik', 'zackyburhani'),
(11, 'ID051', 100, 'dosen fisip terbaik', 'Sangat Baik', 'zackyburhani'),
(12, 'ID051', 100, 'dosen fisip terbaik', 'Sangat Baik', 'zackyburhani'),
(13, 'ID051', 100, 'dosen fisip terbaik', 'Sangat Baik', 'zackyburhani'),
(2, 'ID052', 80, 'dosennya baik', 'Baik', 'zackyburhani'),
(5, 'ID052', 100, 'dosennya baik', 'Sangat Baik', 'zackyburhani'),
(6, 'ID052', 100, 'dosennya baik', 'Sangat Baik', 'zackyburhani'),
(7, 'ID052', 100, 'dosennya baik', 'Sangat Baik', 'zackyburhani'),
(8, 'ID052', 100, 'dosennya baik', 'Sangat Baik', 'zackyburhani'),
(9, 'ID052', 100, 'dosennya baik', 'Sangat Baik', 'zackyburhani'),
(10, 'ID052', 100, 'dosennya baik', 'Sangat Baik', 'zackyburhani'),
(11, 'ID052', 80, 'dosennya baik', 'Baik', 'zackyburhani'),
(12, 'ID052', 100, 'dosennya baik', 'Sangat Baik', 'zackyburhani'),
(13, 'ID052', 80, 'dosennya baik', 'Baik', 'zackyburhani'),
(2, 'ID053', 60, 'dosennya jarang hadir', 'Kurang Baik', 'zackyburhani'),
(5, 'ID053', 80, 'dosennya jarang hadir', 'Baik', 'zackyburhani'),
(6, 'ID053', 80, 'dosennya jarang hadir', 'Baik', 'zackyburhani'),
(7, 'ID053', 80, 'dosennya jarang hadir', 'Baik', 'zackyburhani'),
(8, 'ID053', 100, 'dosennya jarang hadir', 'Sangat Baik', 'zackyburhani'),
(9, 'ID053', 100, 'dosennya jarang hadir', 'Sangat Baik', 'zackyburhani'),
(10, 'ID053', 100, 'dosennya jarang hadir', 'Sangat Baik', 'zackyburhani'),
(11, 'ID053', 100, 'dosennya jarang hadir', 'Sangat Baik', 'zackyburhani'),
(12, 'ID053', 100, 'dosennya jarang hadir', 'Sangat Baik', 'zackyburhani'),
(13, 'ID053', 80, 'dosennya jarang hadir', 'Baik', 'zackyburhani'),
(2, 'ID039', 80, 'lumayan', 'Baik', 'zackyburhani'),
(5, 'ID039', 100, 'lumayan', 'Sangat Baik', 'zackyburhani'),
(6, 'ID039', 100, 'lumayan', 'Sangat Baik', 'zackyburhani'),
(7, 'ID039', 80, 'lumayan', 'Baik', 'zackyburhani'),
(8, 'ID039', 100, 'lumayan', 'Sangat Baik', 'zackyburhani'),
(9, 'ID039', 80, 'lumayan', 'Baik', 'zackyburhani'),
(10, 'ID039', 80, 'lumayan', 'Baik', 'zackyburhani'),
(11, 'ID039', 100, 'lumayan', 'Sangat Baik', 'zackyburhani'),
(12, 'ID039', 100, 'lumayan', 'Sangat Baik', 'zackyburhani'),
(13, 'ID039', 100, 'lumayan', 'Sangat Baik', 'zackyburhani'),
(2, 'ID040', 80, 'B aja', 'Baik', 'zackyburhani'),
(5, 'ID040', 80, 'B aja', 'Baik', 'zackyburhani'),
(6, 'ID040', 100, 'B aja', 'Sangat Baik', 'zackyburhani'),
(7, 'ID040', 100, 'B aja', 'Sangat Baik', 'zackyburhani'),
(8, 'ID040', 100, 'B aja', 'Sangat Baik', 'zackyburhani'),
(9, 'ID040', 80, 'B aja', 'Baik', 'zackyburhani'),
(10, 'ID040', 100, 'B aja', 'Sangat Baik', 'zackyburhani'),
(11, 'ID040', 80, 'B aja', 'Baik', 'zackyburhani'),
(12, 'ID040', 80, 'B aja', 'Baik', 'zackyburhani'),
(13, 'ID040', 80, 'B aja', 'Baik', 'zackyburhani'),
(2, 'ID041', 100, 'B aja', 'Sangat Baik', 'zackyburhani'),
(5, 'ID041', 80, 'B aja', 'Baik', 'zackyburhani'),
(6, 'ID041', 60, 'B aja', 'Kurang Baik', 'zackyburhani'),
(7, 'ID041', 80, 'B aja', 'Baik', 'zackyburhani'),
(8, 'ID041', 80, 'B aja', 'Baik', 'zackyburhani'),
(9, 'ID041', 60, 'B aja', 'Kurang Baik', 'zackyburhani'),
(10, 'ID041', 80, 'B aja', 'Baik', 'zackyburhani'),
(11, 'ID041', 60, 'B aja', 'Kurang Baik', 'zackyburhani'),
(12, 'ID041', 100, 'B aja', 'Sangat Baik', 'zackyburhani'),
(13, 'ID041', 80, 'B aja', 'Baik', 'zackyburhani'),
(2, 'ID042', 40, 'kurang ', 'Buruk', 'zackyburhani'),
(5, 'ID042', 40, 'kurang ', 'Buruk', 'zackyburhani'),
(6, 'ID042', 40, 'kurang ', 'Buruk', 'zackyburhani'),
(7, 'ID042', 40, 'kurang ', 'Buruk', 'zackyburhani'),
(8, 'ID042', 60, 'kurang ', 'Kurang Baik', 'zackyburhani'),
(9, 'ID042', 40, 'kurang ', 'Buruk', 'zackyburhani'),
(10, 'ID042', 60, 'kurang ', 'Kurang Baik', 'zackyburhani'),
(11, 'ID042', 80, 'kurang ', 'Baik', 'zackyburhani'),
(12, 'ID042', 40, 'kurang ', 'Buruk', 'zackyburhani'),
(13, 'ID042', 40, 'kurang ', 'Buruk', 'zackyburhani'),
(2, 'ID043', 100, 'dosennya baik', 'Sangat Baik', 'zackyburhani'),
(5, 'ID043', 80, 'dosennya baik', 'Baik', 'zackyburhani'),
(6, 'ID043', 80, 'dosennya baik', 'Baik', 'zackyburhani'),
(7, 'ID043', 100, 'dosennya baik', 'Sangat Baik', 'zackyburhani'),
(8, 'ID043', 80, 'dosennya baik', 'Baik', 'zackyburhani'),
(9, 'ID043', 100, 'dosennya baik', 'Sangat Baik', 'zackyburhani'),
(10, 'ID043', 80, 'dosennya baik', 'Baik', 'zackyburhani'),
(11, 'ID043', 100, 'dosennya baik', 'Sangat Baik', 'zackyburhani'),
(12, 'ID043', 80, 'dosennya baik', 'Baik', 'zackyburhani'),
(13, 'ID043', 80, 'dosennya baik', 'Baik', 'zackyburhani'),
(2, 'ID044', 60, 'top deh', 'Kurang Baik', 'zackyburhani'),
(5, 'ID044', 80, 'top deh', 'Baik', 'zackyburhani'),
(6, 'ID044', 80, 'top deh', 'Baik', 'zackyburhani'),
(7, 'ID044', 80, 'top deh', 'Baik', 'zackyburhani'),
(8, 'ID044', 80, 'top deh', 'Baik', 'zackyburhani'),
(9, 'ID044', 100, 'top deh', 'Sangat Baik', 'zackyburhani'),
(10, 'ID044', 80, 'top deh', 'Baik', 'zackyburhani'),
(11, 'ID044', 100, 'top deh', 'Sangat Baik', 'zackyburhani'),
(12, 'ID044', 100, 'top deh', 'Sangat Baik', 'zackyburhani'),
(13, 'ID044', 100, 'top deh', 'Sangat Baik', 'zackyburhani'),
(2, 'ID001', 80, 'B aja ya pak', 'Baik', 'faizalvian'),
(5, 'ID001', 80, 'B aja ya pak', 'Baik', 'faizalvian'),
(6, 'ID001', 60, 'B aja ya pak', 'Kurang Baik', 'faizalvian'),
(7, 'ID001', 100, 'B aja ya pak', 'Sangat Baik', 'faizalvian'),
(8, 'ID001', 80, 'B aja ya pak', 'Baik', 'faizalvian'),
(9, 'ID001', 100, 'B aja ya pak', 'Sangat Baik', 'faizalvian'),
(10, 'ID001', 100, 'B aja ya pak', 'Sangat Baik', 'faizalvian'),
(11, 'ID001', 80, 'B aja ya pak', 'Baik', 'faizalvian'),
(12, 'ID001', 100, 'B aja ya pak', 'Sangat Baik', 'faizalvian'),
(13, 'ID001', 80, 'B aja ya pak', 'Baik', 'faizalvian'),
(2, 'ID002', 40, 'Kurang memuaskan', 'Buruk', 'faizalvian'),
(5, 'ID002', 40, 'Kurang memuaskan', 'Buruk', 'faizalvian'),
(6, 'ID002', 40, 'Kurang memuaskan', 'Buruk', 'faizalvian'),
(7, 'ID002', 40, 'Kurang memuaskan', 'Buruk', 'faizalvian'),
(8, 'ID002', 40, 'Kurang memuaskan', 'Buruk', 'faizalvian'),
(9, 'ID002', 60, 'Kurang memuaskan', 'Kurang Baik', 'faizalvian'),
(10, 'ID002', 40, 'Kurang memuaskan', 'Buruk', 'faizalvian'),
(11, 'ID002', 60, 'Kurang memuaskan', 'Kurang Baik', 'faizalvian'),
(12, 'ID002', 40, 'Kurang memuaskan', 'Buruk', 'faizalvian'),
(13, 'ID002', 60, 'Kurang memuaskan', 'Kurang Baik', 'faizalvian'),
(2, 'ID003', 60, 'masih kurang', 'Kurang Baik', 'faizalvian'),
(5, 'ID003', 60, 'masih kurang', 'Kurang Baik', 'faizalvian'),
(6, 'ID003', 60, 'masih kurang', 'Kurang Baik', 'faizalvian'),
(7, 'ID003', 60, 'masih kurang', 'Kurang Baik', 'faizalvian'),
(8, 'ID003', 60, 'masih kurang', 'Kurang Baik', 'faizalvian'),
(9, 'ID003', 60, 'masih kurang', 'Kurang Baik', 'faizalvian'),
(10, 'ID003', 60, 'masih kurang', 'Kurang Baik', 'faizalvian'),
(11, 'ID003', 60, 'masih kurang', 'Kurang Baik', 'faizalvian'),
(12, 'ID003', 60, 'masih kurang', 'Kurang Baik', 'faizalvian'),
(13, 'ID003', 40, 'masih kurang', 'Buruk', 'faizalvian'),
(2, 'ID004', 100, 'dosen terbaik', 'Sangat Baik', 'faizalvian'),
(5, 'ID004', 100, 'dosen terbaik', 'Sangat Baik', 'faizalvian'),
(6, 'ID004', 100, 'dosen terbaik', 'Sangat Baik', 'faizalvian'),
(7, 'ID004', 100, 'dosen terbaik', 'Sangat Baik', 'faizalvian'),
(8, 'ID004', 100, 'dosen terbaik', 'Sangat Baik', 'faizalvian'),
(9, 'ID004', 100, 'dosen terbaik', 'Sangat Baik', 'faizalvian'),
(10, 'ID004', 100, 'dosen terbaik', 'Sangat Baik', 'faizalvian'),
(11, 'ID004', 100, 'dosen terbaik', 'Sangat Baik', 'faizalvian'),
(12, 'ID004', 100, 'dosen terbaik', 'Sangat Baik', 'faizalvian'),
(13, 'ID004', 100, 'dosen terbaik', 'Sangat Baik', 'faizalvian'),
(2, 'ID005', 60, 'lumayan', 'Kurang Baik', 'faizalvian'),
(5, 'ID005', 60, 'lumayan', 'Kurang Baik', 'faizalvian'),
(6, 'ID005', 60, 'lumayan', 'Kurang Baik', 'faizalvian'),
(7, 'ID005', 80, 'lumayan', 'Baik', 'faizalvian'),
(8, 'ID005', 100, 'lumayan', 'Sangat Baik', 'faizalvian'),
(9, 'ID005', 80, 'lumayan', 'Baik', 'faizalvian'),
(10, 'ID005', 60, 'lumayan', 'Kurang Baik', 'faizalvian'),
(11, 'ID005', 80, 'lumayan', 'Baik', 'faizalvian'),
(12, 'ID005', 100, 'lumayan', 'Sangat Baik', 'faizalvian'),
(13, 'ID005', 80, 'lumayan', 'Baik', 'faizalvian'),
(2, 'ID006', 80, 'bagus materi jelas', 'Baik', 'faizalvian'),
(5, 'ID006', 80, 'bagus materi jelas', 'Baik', 'faizalvian'),
(6, 'ID006', 60, 'bagus materi jelas', 'Kurang Baik', 'faizalvian'),
(7, 'ID006', 40, 'bagus materi jelas', 'Buruk', 'faizalvian'),
(8, 'ID006', 60, 'bagus materi jelas', 'Kurang Baik', 'faizalvian'),
(9, 'ID006', 80, 'bagus materi jelas', 'Baik', 'faizalvian'),
(10, 'ID006', 60, 'bagus materi jelas', 'Kurang Baik', 'faizalvian'),
(11, 'ID006', 60, 'bagus materi jelas', 'Kurang Baik', 'faizalvian'),
(12, 'ID006', 60, 'bagus materi jelas', 'Kurang Baik', 'faizalvian'),
(13, 'ID006', 80, 'bagus materi jelas', 'Baik', 'faizalvian'),
(2, 'ID020', 100, 'dosen terbaik', 'Sangat Baik', 'faizalvian'),
(5, 'ID020', 100, 'dosen terbaik', 'Sangat Baik', 'faizalvian'),
(6, 'ID020', 100, 'dosen terbaik', 'Sangat Baik', 'faizalvian'),
(7, 'ID020', 100, 'dosen terbaik', 'Sangat Baik', 'faizalvian'),
(8, 'ID020', 100, 'dosen terbaik', 'Sangat Baik', 'faizalvian'),
(9, 'ID020', 100, 'dosen terbaik', 'Sangat Baik', 'faizalvian'),
(10, 'ID020', 100, 'dosen terbaik', 'Sangat Baik', 'faizalvian'),
(11, 'ID020', 100, 'dosen terbaik', 'Sangat Baik', 'faizalvian'),
(12, 'ID020', 100, 'dosen terbaik', 'Sangat Baik', 'faizalvian'),
(13, 'ID020', 100, 'dosen terbaik', 'Sangat Baik', 'faizalvian'),
(2, 'ID021', 60, 'banyak tugas', 'Kurang Baik', 'faizalvian'),
(5, 'ID021', 60, 'banyak tugas', 'Kurang Baik', 'faizalvian'),
(6, 'ID021', 60, 'banyak tugas', 'Kurang Baik', 'faizalvian'),
(7, 'ID021', 40, 'banyak tugas', 'Buruk', 'faizalvian'),
(8, 'ID021', 40, 'banyak tugas', 'Buruk', 'faizalvian'),
(9, 'ID021', 40, 'banyak tugas', 'Buruk', 'faizalvian'),
(10, 'ID021', 60, 'banyak tugas', 'Kurang Baik', 'faizalvian'),
(11, 'ID021', 40, 'banyak tugas', 'Buruk', 'faizalvian'),
(12, 'ID021', 60, 'banyak tugas', 'Kurang Baik', 'faizalvian'),
(13, 'ID021', 60, 'banyak tugas', 'Kurang Baik', 'faizalvian'),
(2, 'ID022', 80, 'tugas nya mudah', 'Baik', 'faizalvian'),
(5, 'ID022', 80, 'tugas nya mudah', 'Baik', 'faizalvian'),
(6, 'ID022', 80, 'tugas nya mudah', 'Baik', 'faizalvian'),
(7, 'ID022', 80, 'tugas nya mudah', 'Baik', 'faizalvian'),
(8, 'ID022', 80, 'tugas nya mudah', 'Baik', 'faizalvian'),
(9, 'ID022', 100, 'tugas nya mudah', 'Sangat Baik', 'faizalvian'),
(10, 'ID022', 80, 'tugas nya mudah', 'Baik', 'faizalvian'),
(11, 'ID022', 100, 'tugas nya mudah', 'Sangat Baik', 'faizalvian'),
(12, 'ID022', 80, 'tugas nya mudah', 'Baik', 'faizalvian'),
(13, 'ID022', 100, 'tugas nya mudah', 'Sangat Baik', 'faizalvian'),
(2, 'ID023', 100, 'bagus cuma banyak tugas', 'Sangat Baik', 'faizalvian'),
(5, 'ID023', 80, 'bagus cuma banyak tugas', 'Baik', 'faizalvian'),
(6, 'ID023', 80, 'bagus cuma banyak tugas', 'Baik', 'faizalvian'),
(7, 'ID023', 80, 'bagus cuma banyak tugas', 'Baik', 'faizalvian'),
(8, 'ID023', 100, 'bagus cuma banyak tugas', 'Sangat Baik', 'faizalvian'),
(9, 'ID023', 80, 'bagus cuma banyak tugas', 'Baik', 'faizalvian'),
(10, 'ID023', 80, 'bagus cuma banyak tugas', 'Baik', 'faizalvian'),
(11, 'ID023', 100, 'bagus cuma banyak tugas', 'Sangat Baik', 'faizalvian'),
(12, 'ID023', 60, 'bagus cuma banyak tugas', 'Kurang Baik', 'faizalvian'),
(13, 'ID023', 80, 'bagus cuma banyak tugas', 'Baik', 'faizalvian'),
(2, 'ID024', 100, 'no comment', 'Sangat Baik', 'faizalvian'),
(5, 'ID024', 100, 'no comment', 'Sangat Baik', 'faizalvian'),
(6, 'ID024', 80, 'no comment', 'Baik', 'faizalvian'),
(7, 'ID024', 80, 'no comment', 'Baik', 'faizalvian'),
(8, 'ID024', 80, 'no comment', 'Baik', 'faizalvian'),
(9, 'ID024', 80, 'no comment', 'Baik', 'faizalvian'),
(10, 'ID024', 80, 'no comment', 'Baik', 'faizalvian'),
(11, 'ID024', 80, 'no comment', 'Baik', 'faizalvian'),
(12, 'ID024', 80, 'no comment', 'Baik', 'faizalvian'),
(13, 'ID024', 80, 'no comment', 'Baik', 'faizalvian'),
(2, 'ID025', 100, 'performance nya masih kurang', 'Sangat Baik', 'faizalvian'),
(5, 'ID025', 40, 'performance nya masih kurang', 'Buruk', 'faizalvian'),
(6, 'ID025', 40, 'performance nya masih kurang', 'Buruk', 'faizalvian'),
(7, 'ID025', 60, 'performance nya masih kurang', 'Kurang Baik', 'faizalvian'),
(8, 'ID025', 60, 'performance nya masih kurang', 'Kurang Baik', 'faizalvian'),
(9, 'ID025', 40, 'performance nya masih kurang', 'Buruk', 'faizalvian'),
(10, 'ID025', 80, 'performance nya masih kurang', 'Baik', 'faizalvian'),
(11, 'ID025', 60, 'performance nya masih kurang', 'Kurang Baik', 'faizalvian'),
(12, 'ID025', 80, 'performance nya masih kurang', 'Baik', 'faizalvian'),
(13, 'ID025', 40, 'performance nya masih kurang', 'Buruk', 'faizalvian'),
(2, 'ID028', 100, 'dosen fikom terbaik', 'Sangat Baik', 'faizalvian'),
(5, 'ID028', 100, 'dosen fikom terbaik', 'Sangat Baik', 'faizalvian'),
(6, 'ID028', 100, 'dosen fikom terbaik', 'Sangat Baik', 'faizalvian'),
(7, 'ID028', 100, 'dosen fikom terbaik', 'Sangat Baik', 'faizalvian'),
(8, 'ID028', 100, 'dosen fikom terbaik', 'Sangat Baik', 'faizalvian'),
(9, 'ID028', 100, 'dosen fikom terbaik', 'Sangat Baik', 'faizalvian'),
(10, 'ID028', 100, 'dosen fikom terbaik', 'Sangat Baik', 'faizalvian'),
(11, 'ID028', 100, 'dosen fikom terbaik', 'Sangat Baik', 'faizalvian'),
(12, 'ID028', 100, 'dosen fikom terbaik', 'Sangat Baik', 'faizalvian'),
(13, 'ID028', 100, 'dosen fikom terbaik', 'Sangat Baik', 'faizalvian'),
(2, 'ID029', 100, 'masih kurang penjelasannya', 'Sangat Baik', 'faizalvian'),
(5, 'ID029', 100, 'masih kurang penjelasannya', 'Sangat Baik', 'faizalvian'),
(6, 'ID029', 80, 'masih kurang penjelasannya', 'Baik', 'faizalvian'),
(7, 'ID029', 60, 'masih kurang penjelasannya', 'Kurang Baik', 'faizalvian'),
(8, 'ID029', 60, 'masih kurang penjelasannya', 'Kurang Baik', 'faizalvian'),
(9, 'ID029', 80, 'masih kurang penjelasannya', 'Baik', 'faizalvian'),
(10, 'ID029', 60, 'masih kurang penjelasannya', 'Kurang Baik', 'faizalvian'),
(11, 'ID029', 60, 'masih kurang penjelasannya', 'Kurang Baik', 'faizalvian'),
(12, 'ID029', 40, 'masih kurang penjelasannya', 'Buruk', 'faizalvian'),
(13, 'ID029', 60, 'masih kurang penjelasannya', 'Kurang Baik', 'faizalvian'),
(2, 'ID030', 100, 'B aja', 'Sangat Baik', 'faizalvian'),
(5, 'ID030', 100, 'B aja', 'Sangat Baik', 'faizalvian'),
(6, 'ID030', 100, 'B aja', 'Sangat Baik', 'faizalvian'),
(7, 'ID030', 80, 'B aja', 'Baik', 'faizalvian'),
(8, 'ID030', 100, 'B aja', 'Sangat Baik', 'faizalvian'),
(9, 'ID030', 80, 'B aja', 'Baik', 'faizalvian'),
(10, 'ID030', 60, 'B aja', 'Kurang Baik', 'faizalvian'),
(11, 'ID030', 60, 'B aja', 'Kurang Baik', 'faizalvian'),
(12, 'ID030', 80, 'B aja', 'Baik', 'faizalvian'),
(13, 'ID030', 60, 'B aja', 'Kurang Baik', 'faizalvian'),
(2, 'ID031', 80, 'kebanyakan tugas', 'Baik', 'faizalvian'),
(5, 'ID031', 60, 'kebanyakan tugas', 'Kurang Baik', 'faizalvian'),
(6, 'ID031', 100, 'kebanyakan tugas', 'Sangat Baik', 'faizalvian'),
(7, 'ID031', 80, 'kebanyakan tugas', 'Baik', 'faizalvian'),
(8, 'ID031', 100, 'kebanyakan tugas', 'Sangat Baik', 'faizalvian'),
(9, 'ID031', 80, 'kebanyakan tugas', 'Baik', 'faizalvian'),
(10, 'ID031', 80, 'kebanyakan tugas', 'Baik', 'faizalvian'),
(11, 'ID031', 60, 'kebanyakan tugas', 'Kurang Baik', 'faizalvian'),
(12, 'ID031', 60, 'kebanyakan tugas', 'Kurang Baik', 'faizalvian'),
(13, 'ID031', 40, 'kebanyakan tugas', 'Buruk', 'faizalvian'),
(2, 'ID032', 100, 'materi yang disampaikan amat sangat jelas\r\n', 'Sangat Baik', 'faizalvian'),
(5, 'ID032', 80, 'materi yang disampaikan amat sangat jelas\r\n', 'Baik', 'faizalvian'),
(6, 'ID032', 80, 'materi yang disampaikan amat sangat jelas\r\n', 'Baik', 'faizalvian'),
(7, 'ID032', 100, 'materi yang disampaikan amat sangat jelas\r\n', 'Sangat Baik', 'faizalvian'),
(8, 'ID032', 80, 'materi yang disampaikan amat sangat jelas\r\n', 'Baik', 'faizalvian'),
(9, 'ID032', 100, 'materi yang disampaikan amat sangat jelas\r\n', 'Sangat Baik', 'faizalvian'),
(10, 'ID032', 80, 'materi yang disampaikan amat sangat jelas\r\n', 'Baik', 'faizalvian'),
(11, 'ID032', 100, 'materi yang disampaikan amat sangat jelas\r\n', 'Sangat Baik', 'faizalvian'),
(12, 'ID032', 80, 'materi yang disampaikan amat sangat jelas\r\n', 'Baik', 'faizalvian'),
(13, 'ID032', 80, 'materi yang disampaikan amat sangat jelas\r\n', 'Baik', 'faizalvian'),
(2, 'ID033', 80, 'materi yang disampaikan jelas', 'Baik', 'faizalvian'),
(5, 'ID033', 80, 'materi yang disampaikan jelas', 'Baik', 'faizalvian'),
(6, 'ID033', 100, 'materi yang disampaikan jelas', 'Sangat Baik', 'faizalvian'),
(7, 'ID033', 60, 'materi yang disampaikan jelas', 'Kurang Baik', 'faizalvian'),
(8, 'ID033', 100, 'materi yang disampaikan jelas', 'Sangat Baik', 'faizalvian'),
(9, 'ID033', 80, 'materi yang disampaikan jelas', 'Baik', 'faizalvian'),
(10, 'ID033', 80, 'materi yang disampaikan jelas', 'Baik', 'faizalvian'),
(11, 'ID033', 100, 'materi yang disampaikan jelas', 'Sangat Baik', 'faizalvian'),
(12, 'ID033', 80, 'materi yang disampaikan jelas', 'Baik', 'faizalvian'),
(13, 'ID033', 60, 'materi yang disampaikan jelas', 'Kurang Baik', 'faizalvian'),
(2, 'ID048', 100, 'dosen yang sangat berwibawa', 'Sangat Baik', 'faizalvian'),
(5, 'ID048', 80, 'dosen yang sangat berwibawa', 'Baik', 'faizalvian'),
(6, 'ID048', 60, 'dosen yang sangat berwibawa', 'Kurang Baik', 'faizalvian'),
(7, 'ID048', 100, 'dosen yang sangat berwibawa', 'Sangat Baik', 'faizalvian'),
(8, 'ID048', 100, 'dosen yang sangat berwibawa', 'Sangat Baik', 'faizalvian'),
(9, 'ID048', 100, 'dosen yang sangat berwibawa', 'Sangat Baik', 'faizalvian'),
(10, 'ID048', 100, 'dosen yang sangat berwibawa', 'Sangat Baik', 'faizalvian'),
(11, 'ID048', 100, 'dosen yang sangat berwibawa', 'Sangat Baik', 'faizalvian'),
(12, 'ID048', 100, 'dosen yang sangat berwibawa', 'Sangat Baik', 'faizalvian'),
(13, 'ID048', 100, 'dosen yang sangat berwibawa', 'Sangat Baik', 'faizalvian'),
(2, 'ID049', 100, 'terlalu banyak cerita', 'Sangat Baik', 'faizalvian'),
(5, 'ID049', 80, 'terlalu banyak cerita', 'Baik', 'faizalvian'),
(6, 'ID049', 40, 'terlalu banyak cerita', 'Buruk', 'faizalvian'),
(7, 'ID049', 40, 'terlalu banyak cerita', 'Buruk', 'faizalvian'),
(8, 'ID049', 40, 'terlalu banyak cerita', 'Buruk', 'faizalvian'),
(9, 'ID049', 40, 'terlalu banyak cerita', 'Buruk', 'faizalvian'),
(10, 'ID049', 40, 'terlalu banyak cerita', 'Buruk', 'faizalvian'),
(11, 'ID049', 60, 'terlalu banyak cerita', 'Kurang Baik', 'faizalvian'),
(12, 'ID049', 80, 'terlalu banyak cerita', 'Baik', 'faizalvian'),
(13, 'ID049', 60, 'terlalu banyak cerita', 'Kurang Baik', 'faizalvian'),
(2, 'ID050', 100, 'dosen jarang hadir', 'Sangat Baik', 'faizalvian'),
(5, 'ID050', 40, 'dosen jarang hadir', 'Buruk', 'faizalvian'),
(6, 'ID050', 40, 'dosen jarang hadir', 'Buruk', 'faizalvian'),
(7, 'ID050', 40, 'dosen jarang hadir', 'Buruk', 'faizalvian'),
(8, 'ID050', 40, 'dosen jarang hadir', 'Buruk', 'faizalvian'),
(9, 'ID050', 40, 'dosen jarang hadir', 'Buruk', 'faizalvian'),
(10, 'ID050', 40, 'dosen jarang hadir', 'Buruk', 'faizalvian'),
(11, 'ID050', 60, 'dosen jarang hadir', 'Kurang Baik', 'faizalvian'),
(12, 'ID050', 40, 'dosen jarang hadir', 'Buruk', 'faizalvian'),
(13, 'ID050', 40, 'dosen jarang hadir', 'Buruk', 'faizalvian'),
(2, 'ID051', 100, 'dosen nya keceh', 'Sangat Baik', 'faizalvian'),
(5, 'ID051', 100, 'dosen nya keceh', 'Sangat Baik', 'faizalvian'),
(6, 'ID051', 100, 'dosen nya keceh', 'Sangat Baik', 'faizalvian'),
(7, 'ID051', 100, 'dosen nya keceh', 'Sangat Baik', 'faizalvian'),
(8, 'ID051', 80, 'dosen nya keceh', 'Baik', 'faizalvian'),
(9, 'ID051', 100, 'dosen nya keceh', 'Sangat Baik', 'faizalvian'),
(10, 'ID051', 100, 'dosen nya keceh', 'Sangat Baik', 'faizalvian'),
(11, 'ID051', 100, 'dosen nya keceh', 'Sangat Baik', 'faizalvian'),
(12, 'ID051', 100, 'dosen nya keceh', 'Sangat Baik', 'faizalvian'),
(13, 'ID051', 100, 'dosen nya keceh', 'Sangat Baik', 'faizalvian'),
(2, 'ID052', 100, 'dosennya sering kasih hadiah ke mhsnya', 'Sangat Baik', 'faizalvian'),
(5, 'ID052', 100, 'dosennya sering kasih hadiah ke mhsnya', 'Sangat Baik', 'faizalvian'),
(6, 'ID052', 100, 'dosennya sering kasih hadiah ke mhsnya', 'Sangat Baik', 'faizalvian'),
(7, 'ID052', 100, 'dosennya sering kasih hadiah ke mhsnya', 'Sangat Baik', 'faizalvian'),
(8, 'ID052', 100, 'dosennya sering kasih hadiah ke mhsnya', 'Sangat Baik', 'faizalvian'),
(9, 'ID052', 100, 'dosennya sering kasih hadiah ke mhsnya', 'Sangat Baik', 'faizalvian'),
(10, 'ID052', 100, 'dosennya sering kasih hadiah ke mhsnya', 'Sangat Baik', 'faizalvian'),
(11, 'ID052', 100, 'dosennya sering kasih hadiah ke mhsnya', 'Sangat Baik', 'faizalvian'),
(12, 'ID052', 100, 'dosennya sering kasih hadiah ke mhsnya', 'Sangat Baik', 'faizalvian'),
(13, 'ID052', 100, 'dosennya sering kasih hadiah ke mhsnya', 'Sangat Baik', 'faizalvian'),
(2, 'ID053', 80, 'lumayan', 'Baik', 'faizalvian'),
(5, 'ID053', 60, 'lumayan', 'Kurang Baik', 'faizalvian'),
(6, 'ID053', 60, 'lumayan', 'Kurang Baik', 'faizalvian'),
(7, 'ID053', 80, 'lumayan', 'Baik', 'faizalvian'),
(8, 'ID053', 60, 'lumayan', 'Kurang Baik', 'faizalvian'),
(9, 'ID053', 80, 'lumayan', 'Baik', 'faizalvian'),
(10, 'ID053', 60, 'lumayan', 'Kurang Baik', 'faizalvian'),
(11, 'ID053', 80, 'lumayan', 'Baik', 'faizalvian'),
(12, 'ID053', 60, 'lumayan', 'Kurang Baik', 'faizalvian'),
(13, 'ID053', 80, 'lumayan', 'Baik', 'faizalvian'),
(2, 'ID039', 40, 'terlalu banyak KP', 'Buruk', 'faizalvian'),
(5, 'ID039', 40, 'terlalu banyak KP', 'Buruk', 'faizalvian'),
(6, 'ID039', 40, 'terlalu banyak KP', 'Buruk', 'faizalvian'),
(7, 'ID039', 40, 'terlalu banyak KP', 'Buruk', 'faizalvian'),
(8, 'ID039', 40, 'terlalu banyak KP', 'Buruk', 'faizalvian'),
(9, 'ID039', 40, 'terlalu banyak KP', 'Buruk', 'faizalvian'),
(10, 'ID039', 40, 'terlalu banyak KP', 'Buruk', 'faizalvian'),
(11, 'ID039', 40, 'terlalu banyak KP', 'Buruk', 'faizalvian'),
(12, 'ID039', 40, 'terlalu banyak KP', 'Buruk', 'faizalvian'),
(13, 'ID039', 40, 'terlalu banyak KP', 'Buruk', 'faizalvian'),
(2, 'ID040', 100, 'mantap', 'Sangat Baik', 'faizalvian'),
(5, 'ID040', 80, 'mantap', 'Baik', 'faizalvian'),
(6, 'ID040', 60, 'mantap', 'Kurang Baik', 'faizalvian'),
(7, 'ID040', 60, 'mantap', 'Kurang Baik', 'faizalvian'),
(8, 'ID040', 60, 'mantap', 'Kurang Baik', 'faizalvian'),
(9, 'ID040', 60, 'mantap', 'Kurang Baik', 'faizalvian'),
(10, 'ID040', 80, 'mantap', 'Baik', 'faizalvian'),
(11, 'ID040', 80, 'mantap', 'Baik', 'faizalvian'),
(12, 'ID040', 80, 'mantap', 'Baik', 'faizalvian'),
(13, 'ID040', 80, 'mantap', 'Baik', 'faizalvian'),
(2, 'ID042', 80, 'materi yang disampaikan mantap', 'Baik', 'faizalvian'),
(5, 'ID042', 80, 'materi yang disampaikan mantap', 'Baik', 'faizalvian'),
(6, 'ID042', 80, 'materi yang disampaikan mantap', 'Baik', 'faizalvian'),
(7, 'ID042', 80, 'materi yang disampaikan mantap', 'Baik', 'faizalvian'),
(8, 'ID042', 80, 'materi yang disampaikan mantap', 'Baik', 'faizalvian'),
(9, 'ID042', 80, 'materi yang disampaikan mantap', 'Baik', 'faizalvian'),
(10, 'ID042', 80, 'materi yang disampaikan mantap', 'Baik', 'faizalvian'),
(11, 'ID042', 80, 'materi yang disampaikan mantap', 'Baik', 'faizalvian'),
(12, 'ID042', 80, 'materi yang disampaikan mantap', 'Baik', 'faizalvian'),
(13, 'ID042', 80, 'materi yang disampaikan mantap', 'Baik', 'faizalvian'),
(2, 'ID041', 60, 'siap', 'Kurang Baik', 'faizalvian'),
(5, 'ID041', 60, 'siap', 'Kurang Baik', 'faizalvian'),
(6, 'ID041', 60, 'siap', 'Kurang Baik', 'faizalvian'),
(7, 'ID041', 60, 'siap', 'Kurang Baik', 'faizalvian'),
(8, 'ID041', 60, 'siap', 'Kurang Baik', 'faizalvian'),
(9, 'ID041', 80, 'siap', 'Baik', 'faizalvian'),
(10, 'ID041', 60, 'siap', 'Kurang Baik', 'faizalvian'),
(11, 'ID041', 60, 'siap', 'Kurang Baik', 'faizalvian'),
(12, 'ID041', 80, 'siap', 'Baik', 'faizalvian'),
(13, 'ID041', 60, 'siap', 'Kurang Baik', 'faizalvian'),
(2, 'ID043', 100, 'penyampaiannya jelas', 'Sangat Baik', 'faizalvian'),
(5, 'ID043', 100, 'penyampaiannya jelas', 'Sangat Baik', 'faizalvian'),
(6, 'ID043', 100, 'penyampaiannya jelas', 'Sangat Baik', 'faizalvian'),
(7, 'ID043', 100, 'penyampaiannya jelas', 'Sangat Baik', 'faizalvian'),
(8, 'ID043', 100, 'penyampaiannya jelas', 'Sangat Baik', 'faizalvian'),
(9, 'ID043', 80, 'penyampaiannya jelas', 'Baik', 'faizalvian'),
(10, 'ID043', 100, 'penyampaiannya jelas', 'Sangat Baik', 'faizalvian'),
(11, 'ID043', 100, 'penyampaiannya jelas', 'Sangat Baik', 'faizalvian'),
(12, 'ID043', 80, 'penyampaiannya jelas', 'Baik', 'faizalvian'),
(13, 'ID043', 100, 'penyampaiannya jelas', 'Sangat Baik', 'faizalvian'),
(2, 'ID045', 80, 'lumayan', 'Baik', 'faizalvian'),
(5, 'ID045', 80, 'lumayan', 'Baik', 'faizalvian'),
(6, 'ID045', 80, 'lumayan', 'Baik', 'faizalvian'),
(7, 'ID045', 80, 'lumayan', 'Baik', 'faizalvian'),
(8, 'ID045', 80, 'lumayan', 'Baik', 'faizalvian'),
(9, 'ID045', 80, 'lumayan', 'Baik', 'faizalvian'),
(10, 'ID045', 80, 'lumayan', 'Baik', 'faizalvian'),
(11, 'ID045', 80, 'lumayan', 'Baik', 'faizalvian'),
(12, 'ID045', 40, 'lumayan', 'Buruk', 'faizalvian'),
(13, 'ID045', 80, 'lumayan', 'Baik', 'faizalvian');

-- --------------------------------------------------------

--
-- Table structure for table `pertanyaan`
--

CREATE TABLE `pertanyaan` (
  `id_pertanyaan` int(10) UNSIGNED NOT NULL,
  `nm_pertanyaan` text
) ENGINE=InnoDB DEFAULT CHARSET=latin1;

--
-- Dumping data for table `pertanyaan`
--

INSERT INTO `pertanyaan` (`id_pertanyaan`, `nm_pertanyaan`) VALUES
(2, 'Kehadiran Dosen'),
(5, 'Kemampuan menjelaskan pokok bahasan/ topik secara tepat'),
(6, 'Kemampuan memberi contoh relevan dari konsep yang diajarkan'),
(7, 'Dosen menciptakan suasana kelas yang kondusif/ membuat mahasiswa termotivasi'),
(8, 'Dosen mengajar tidak terlalu cepat/lambat, sehingga mudah dimengerti mahasiswa'),
(9, 'Dosen selalu memberi kesempatan mahasiswa untuk bertanya'),
(10, 'Kemampuan Berkomunikasi'),
(11, 'Keseimbangan Tugas (kasus/latihan) dengan materi kuliah'),
(12, 'ketepatan waktu mengakhiri kuliah'),
(13, 'penampilan / performance');

-- --------------------------------------------------------

--
-- Table structure for table `user`
--

CREATE TABLE `user` (
  `username` varchar(50) NOT NULL,
  `nm_user` varchar(50) DEFAULT NULL,
  `email` varchar(50) DEFAULT NULL,
  `password` varchar(50) DEFAULT NULL,
  `level_user` enum('0','1','2') DEFAULT NULL
) ENGINE=InnoDB DEFAULT CHARSET=latin1;

--
-- Dumping data for table `user`
--

INSERT INTO `user` (`username`, `nm_user`, `email`, `password`, `level_user`) VALUES
('abdulmuis', 'Abdul Muis Sobri, M.Kom', 'abdulmuis@gmail.com', '202cb962ac59075b964b07152d234b70', '1'),
('acepmardiyana', 'Acep Mardiyana, M.Kom', 'acepmardiana@gmail.com', '202cb962ac59075b964b07152d234b70', '1'),
('admin', 'admin', 'admin@gmail.com', '21232f297a57a5a743894a0e4a801fc3', '0'),
('agussriyanto', 'Agus Sriyanto, SE., MM', 'agussriyanto@gmail.com', '202cb962ac59075b964b07152d234b70', '1'),
('ahmadtoni', 'Ahmad Toni, M.I.Kom', 'ahmadtoni@gmail.com', '202cb962ac59075b964b07152d234b70', '1'),
('amilia', 'Amilia Yunizar Esfandari, SE, Ak, M. Sc', 'amilia@gmail.com', '202cb962ac59075b964b07152d234b70', '1'),
('andychahyono', 'andy chahyono', 'andychahyo@gmail.com', '202cb962ac59075b964b07152d234b70', '2'),
('arbi', 'Arbi Cristional Lokananta, M.I.Kom', 'arbi@gmail.com', '202cb962ac59075b964b07152d234b70', '1'),
('fahlesa', 'Fahlesa Munabari, Ph.D', 'fahlesa@gmail.com', '202cb962ac59075b964b07152d234b70', '1'),
('faizalvian', 'faiz alviansyah', 'faiz@gmail.com', '202cb962ac59075b964b07152d234b70', '2'),
('kurniasih', 'Sri Kurniasih, ST.,M.Ars', 'kurniasih@gmail.com', '202cb962ac59075b964b07152d234b70', '1'),
('meydita', 'meydita cahyani', 'meydita@gmail.com', '202cb962ac59075b964b07152d234b70', '2'),
('niko', 'niko handiarto', 'niko@gmail.com', '202cb962ac59075b964b07152d234b70', '2'),
('rafli', 'rafli aswin', 'rafli@gmail.com', '202cb962ac59075b964b07152d234b70', '2'),
('rinaldy', 'muhammad rinaldy', 'rinaldy@gmail.com', '202cb962ac59075b964b07152d234b70', '2'),
('sisca', 'sisca agdinsa ramadhan', 'sisca@gmail.com', '202cb962ac59075b964b07152d234b70', '2'),
('triendangsih', 'Tri Endangsih, ST.,M.Ars', 'triendangsih@gmail.com', '202cb962ac59075b964b07152d234b70', '1'),
('untungsumarwan', 'Untung Sumarwan, M.Si', 'untungsumarwan@gmail.com', '202cb962ac59075b964b07152d234b70', '1'),
('zackyburhani', 'zacky burhani hotib', 'zackyburhani99@gmail.com', '202cb962ac59075b964b07152d234b70', '2'),
('zeinhanafi', 'muhammad zein hanafi', 'zein@gmail.com', '202cb962ac59075b964b07152d234b70', '2');

--
-- Indexes for dumped tables
--

--
-- Indexes for table `datapenduduk`
--
ALTER TABLE `datapenduduk`
  ADD PRIMARY KEY (`id`);

--
-- Indexes for table `dosen`
--
ALTER TABLE `dosen`
  ADD PRIMARY KEY (`nik`);

--
-- Indexes for table `nilai`
--
ALTER TABLE `nilai`
  ADD KEY `nik` (`nik`),
  ADD KEY `mahasiswa` (`mahasiswa`),
  ADD KEY `id_pertanyaan` (`id_pertanyaan`);

--
-- Indexes for table `pertanyaan`
--
ALTER TABLE `pertanyaan`
  ADD PRIMARY KEY (`id_pertanyaan`);

--
-- Indexes for table `user`
--
ALTER TABLE `user`
  ADD PRIMARY KEY (`username`);

--
-- AUTO_INCREMENT for dumped tables
--

--
-- AUTO_INCREMENT for table `datapenduduk`
--
ALTER TABLE `datapenduduk`
  MODIFY `id` int(10) UNSIGNED NOT NULL AUTO_INCREMENT, AUTO_INCREMENT=7;

--
-- AUTO_INCREMENT for table `pertanyaan`
--
ALTER TABLE `pertanyaan`
  MODIFY `id_pertanyaan` int(10) UNSIGNED NOT NULL AUTO_INCREMENT, AUTO_INCREMENT=14;

--
-- Constraints for dumped tables
--

--
-- Constraints for table `nilai`
--
ALTER TABLE `nilai`
  ADD CONSTRAINT `nilai_ibfk_2` FOREIGN KEY (`nik`) REFERENCES `dosen` (`nik`),
  ADD CONSTRAINT `nilai_ibfk_3` FOREIGN KEY (`mahasiswa`) REFERENCES `user` (`username`),
  ADD CONSTRAINT `nilai_ibfk_4` FOREIGN KEY (`id_pertanyaan`) REFERENCES `pertanyaan` (`id_pertanyaan`);
COMMIT;

/*!40101 SET CHARACTER_SET_CLIENT=@OLD_CHARACTER_SET_CLIENT */;
/*!40101 SET CHARACTER_SET_RESULTS=@OLD_CHARACTER_SET_RESULTS */;
/*!40101 SET COLLATION_CONNECTION=@OLD_COLLATION_CONNECTION */;
